{
  "id": "1665227",
  "name": "阿里巴巴国际站",
  "font_family": "iconfont",
  "css_prefix_text": "icon-",
  "description": "",
  "glyphs": [
    {
      "icon_id": "11487977",
      "name": "arrow-right",
      "font_class": "arrow-right",
      "unicode": "e743",
      "unicode_decimal": 59203
    },
    {
      "icon_id": "11487978",
      "name": "arrow-lift",
      "font_class": "arrow-lift",
      "unicode": "e744",
      "unicode_decimal": 59204
    },
    {
      "icon_id": "11487982",
      "name": "arrow-up",
      "font_class": "arrow-up",
      "unicode": "e745",
      "unicode_decimal": 59205
    },
    {
      "icon_id": "11488028",
      "name": "double-arrow-left",
      "font_class": "double-arrow-left",
      "unicode": "e74c",
      "unicode_decimal": 59212
    },
    {
      "icon_id": "11488063",
      "name": "left arrow",
      "font_class": "leftarrow",
      "unicode": "e755",
      "unicode_decimal": 59221
    },
    {
      "icon_id": "11488115",
      "name": "Right arrow",
      "font_class": "Rightarrow",
      "unicode": "e761",
      "unicode_decimal": 59233
    },
    {
      "icon_id": "12011691",
      "name": "arrow-down",
      "font_class": "arrow-down",
      "unicode": "e7b2",
      "unicode_decimal": 59314
    }
  ]
}
